feature,entropy,weight
RSSI_score,0.930572637074904,0.5731119713545637
low_overlap_score,0.9482863531623391,0.4268880285290564
low_gap_score,0.9999999999859016,1.1637998683333627e-10
