cluster,n_classrooms,mean_congestion_score,mean_students,mean_max_students,mean_busy_ratio,congestion_type
0,9,86.07670802070163,28.174603174603178,36.111111111111114,0.7142857142857143,혼잡 병목형
1,9,5.415335927615799,0.5714285714285715,4.777777777777778,0.0,저부하 안정형
2,5,55.180491802487246,10.042857142857143,33.4,0.11428571428571428,중간 부하형
